#Pdb,Mutation(s)_PDB,Mutation(s)_cleaned,iMutation_Location(s),Hold_out_type,Hold_out_proteins,Affinity_mut (M),Affinity_mut_parsed,Affinity_wt (M),Affinity_wt_parsed,Reference,Protein 1,Protein 2,Temperature,kon_mut (M^(-1)s^(-1)),kon_mut_parsed,kon_wt (M^(-1)s^(-1)),kon_wt_parsed,koff_mut (s^(-1)),koff_mut_parsed,koff_wt (s^(-1)),koff_wt_parsed,dH_mut (kcal mol^(-1)),dH_wt (kcal mol^(-1)),dS_mut (cal mol^(-1) K^(-1)),dS_wt (cal mol^(-1) K^(-1)),Notes,Method,SKEMPI version,DDG,pdb_id,chain,wt_aa,mut_aa,resnum_str,resnum,has_insertion_code,resolution,msf,msf_z,is_interface,ddg_foldx,ddg_foldx_calibrated,prediction_error
1A22_A_B,MA14A,MA14A,INT,,"1A22_A_B,1BP3_A_B",9E-10,9e-10,9E-10,9e-10,7504735,Human growth hormone,hGH binding protein,298,300000.0,300000.0,300000.0,300000.0,3.24E-04,0.000324,2.7E-04,0.00027,,,,,"CS is the G120R mutant, which is away from the binding site and doesn't affect binding",SPR,1,0.0,1A22,A,M,A,14,14,False,2.6,0.02818326879191349,-0.09771164675191325,True,2.09294,0.8247976845840899,0.8247976845840899
1A22_A_B,HA18A,HA18A,COR,,"1A22_A_B,1BP3_A_B",3.96E-10,3.96e-10,9E-10,9e-10,7504735,Human growth hormone,hGH binding protein,298,273000.0,273000.0,300000.0,300000.0,1.11E-04,0.000111,2.7E-04,0.00027,,,,,"CS is the G120R mutant, which is away from the binding site and doesn't affect binding",SPR,1,-0.4860204868253395,1A22,A,H,A,18,18,False,2.6,0.023316613890314655,-0.1038094919778238,True,-0.50906,0.07841328882095988,0.5644337756462994
1A22_A_B,HA21A,HA21A,SUP,,"1A22_A_B,1BP3_A_B",1.17E-09,1.17e-09,9E-10,9e-10,7504735,Human growth hormone,hGH binding protein,298,300000.0,300000.0,300000.0,300000.0,3.51E-04,0.000351,2.7E-04,0.00027,,,,,"CS is the G120R mutant, which is away from the binding site and doesn't affect binding",SPR,1,0.1553196445647547,1A22,A,H,A,21,21,False,2.6,0.01790300857323228,-0.11059265782894868,True,0.525792,0.37526086173574336,0.21994121717098866
1A22_A_B,QA22A,QA22A,RIM,,"1A22_A_B,1BP3_A_B",6.21E-10,6.21e-10,9E-10,9e-10,7504735,Human growth hormone,hGH binding protein,298,273000.0,273000.0,300000.0,300000.0,1.67E-04,0.000167,2.7E-04,0.00027,,,,,"CS is the G120R mutant, which is away from the binding site and doesn't affect binding",SPR,1,-0.21966969938337247,1A22,A,Q,A,22,22,False,2.6,0.026752578826068244,-0.0995042797111809,True,0.181976,0.27663715020088697,0.4963068495842594
1A22_A_B,FA25A,FA25A,COR,,"1A22_A_B,1BP3_A_B",4.23E-10,4.23e-10,9E-10,9e-10,7504735,Human growth hormone,hGH binding protein,298,300000.0,300000.0,300000.0,300000.0,1.27E-04,0.000127,2.7E-04,0.00027,,,,,"CS is the G120R mutant, which is away from the binding site and doesn't affect binding",SPR,1,-0.4469733698925954,1A22,A,F,A,25,25,False,2.6,0.022955806952604497,-0.10426157763153811,True,1.42737,0.633878752113657,1.0808521220062524
1A22_A_B,DA26A,DA26A,SUR,,"1A22_A_B,1BP3_A_B",6.3E-10,6.3e-10,9E-10,9e-10,7504735,Human growth hormone,hGH binding protein,298,337000.0,337000.0,300000.0,300000.0,2.13E-04,0.000213,2.7E-04,0.00027,,,,,"CS is the G120R mutant, which is away from the binding site and doesn't affect binding",SPR,1,-0.21115156681172959,1A22,A,D,A,26,26,False,2.6,0.04321953697377825,-0.07887142939477697,True,-0.580271,0.057986394429457855,0.26913796124118744
1A22_A_B,QA29A,QA29A,SUR,,"1A22_A_B,1BP3_A_B",3.33E-10,3.33e-10,9E-10,9e-10,7504735,Human growth hormone,hGH binding protein,298,309000.0,309000.0,300000.0,300000.0,1.03E-04,0.000103,2.7E-04,0.00027,,,,,"CS is the G120R mutant, which is away from the binding site and doesn't affect binding",SPR,1,-0.5885973458195691,1A22,A,Q,A,29,29,False,2.6,0.040914624281534986,-0.08175945025113947,True,0.735544,0.4354282790224874,1.0240256248420565
1A22_A_B,YA42A,YA42A,COR,,"1A22_A_B,1BP3_A_B",1.26E-09,1.26e-09,9E-10,9e-10,7504735,Human growth hormone,hGH binding protein,298,250000.0,250000.0,300000.0,300000.0,3.24E-04,0.000324,2.7E-04,0.00027,,,,,"CS is the G120R mutant, which is away from the binding site and doesn't affect binding",SPR,1,0.19919156407975802,1A22,A,Y,A,42,42,False,2.6,0.028441610120611378,-0.09738794896160183,True,1.04306,0.5236393258508867,0.32444776177112866
1A22_A_B,LA45A,LA45A,COR,,"1A22_A_B,1BP3_A_B",7.11E-09,7.11e-09,9E-10,9e-10,7504735,Human growth hormone,hGH binding protein,298,167000.0,167000.0,300000.0,300000.0,1.16E-03,0.00116,2.7E-04,0.00027,,,,,"CS is the G120R mutant, which is away from the binding site and doesn't affect binding",SPR,1,1.2235827536080015,1A22,A,L,A,45,45,False,2.6,0.018672740479326575,-0.10962819535447446,True,2.86152,1.0452650630989349,0.17831769050906665
1A22_A_B,QA46A,QA46A,RIM,,"1A22_A_B,1BP3_A_B",1.08E-09,1.08e-09,9E-10,9e-10,7504735,Human growth hormone,hGH binding protein,298,214000.0,214000.0,300000.0,300000.0,2.43E-04,0.000243,2.7E-04,0.00027,,,,,"CS is the G120R mutant, which is away from the binding site and doesn't affect binding",SPR,1,0.10793436162202111,1A22,A,Q,A,46,46,False,2.6,0.026392945007300005,-0.099954895464546,True,0.758587,0.4420381697340823,0.3341038081120612
1A22_A_B,PA48A,PA48A,COR,,"1A22_A_B,1BP3_A_B",1.8E-09,1.8e-09,9E-10,9e-10,7504735,Human growth hormone,hGH binding protein,298,176000.0,176000.0,300000.0,300000.0,3.24E-04,0.000324,2.7E-04,0.00027,,,,,"CS is the G120R mutant, which is away from the binding site and doesn't affect binding",SPR,1,0.4103431308914876,1A22,A,P,A,48,48,False,2.6,0.03035554470172509,-0.09498981778441169,True,3.43809,1.210654321771167,0.8003111908796794
1A22_A_B,SA51A,SA51A,SUP,,"1A22_A_B,1BP3_A_B",1.62E-09,1.62e-09,9E-10,9e-10,7504735,Human growth hormone,hGH binding protein,298,214000.0,214000.0,300000.0,300000.0,3.24E-04,0.000324,2.7E-04,0.00027,,,,,"CS is the G120R mutant, which is away from the binding site and doesn't affect binding",SPR,1,0.3479697056220545,1A22,A,S,A,51,51,False,2.6,0.021031013551784144,-0.1066733147461218,True,-0.916238,-0.03838582935661117,0.38635553497866565
1A22_A_B,EA56A,EA56A,RIM,,"1A22_A_B,1BP3_A_B",1.8E-09,1.8e-09,9E-10,9e-10,7504735,Human growth hormone,hGH binding protein,298,309000.0,309000.0,300000.0,300000.0,5.67E-04,0.000567,2.7E-04,0.00027,,,,,"CS is the G120R mutant, which is away from the binding site and doesn't affect binding",SPR,1,0.4103431308914876,1A22,A,E,A,56,56,False,2.6,0.011858200968421762,-0.11816671063109661,True,1.37432,0.618661345428325,0.20831821453683735
1A22_A_B,PA61A,PA61A,SUP,,"1A22_A_B,1BP3_A_B",6.93E-09,6.93e-09,9E-10,9e-10,7504735,Human growth hormone,hGH binding protein,298,273000.0,273000.0,300000.0,300000.0,1.94E-03,0.00194,2.7E-04,0.00027,,,,,"CS is the G120R mutant, which is away from the binding site and doesn't affect binding",SPR,1,1.2084024346849058,1A22,A,P,A,61,61,False,2.6,0.008072183739839745,-0.12291053314354544,True,2.51799,0.9467233907405536,0.26167904394435226
1A22_A_B,SA62A,SA62A,COR,,"1A22_A_B,1BP3_A_B",1.17E-09,1.17e-09,9E-10,9e-10,7504735,Human growth hormone,hGH binding protein,298,375000.0,375000.0,300000.0,300000.0,4.32E-04,0.000432,2.7E-04,0.00027,,,,,"CS is the G120R mutant, which is away from the binding site and doesn't affect binding",SPR,1,0.1553196445647547,1A22,A,S,A,62,62,False,2.6,0.0065230654988034185,-0.12485155494629765,True,1.12488,0.5471094147291877,0.39178977016443306
1A22_A_B,NA63A,NA63A,COR,,"1A22_A_B,1BP3_A_B",1.53E-09,1.53e-09,9E-10,9e-10,7504735,Human growth hormone,hGH binding protein,298,214000.0,214000.0,300000.0,300000.0,3.24E-04,0.000324,2.7E-04,0.00027,,,,,"CS is the G120R mutant, which is away from the binding site and doesn't affect binding",SPR,1,0.3141319246288049,1A22,A,N,A,63,63,False,2.6,0.009682015112909394,-0.12089343870161803,True,0.947081,0.49610772403653247,0.18197579940772757
1A22_A_B,RA64A,RA64A,COR,,"1A22_A_B,1BP3_A_B",1.44E-08,1.44e-08,9E-10,9e-10,7504735,Human growth hormone,hGH binding protein,298,143000.0,143000.0,300000.0,300000.0,2.13E-03,0.00213,2.7E-04,0.00027,,,,,"CS is the G120R mutant, which is away from the binding site and doesn't affect binding",SPR,1,1.6413725235659504,1A22,A,R,A,64,64,False,2.6,0.012767433709993507,-0.11702745571277205,True,2.30798,0.8864819660848214,0.754890557481129
1A22_A_B,EA65A,EA65A,RIM,,"1A22_A_B,1BP3_A_B",4.05E-10,4.05e-10,9E-10,9e-10,7504735,Human growth hormone,hGH binding protein,298,455000.0,455000.0,300000.0,300000.0,1.86E-04,0.000186,2.7E-04,0.00027,,,,,"CS is the G120R mutant, which is away from the binding site and doesn't affect binding",SPR,1,-0.4727165561609208,1A22,A,E,A,65,65,False,2.6,0.014634000165427099,-0.11468867608297517,True,0.0364464,0.23489194552692463,0.7076085016878454
1A22_A_B,QA68A,QA68A,RIM,,"1A22_A_B,1BP3_A_B",2.43E-09,2.43e-09,9E-10,9e-10,7504735,Human growth hormone,hGH binding protein,298,375000.0,375000.0,300000.0,300000.0,8.91E-04,0.000891,2.7E-04,0.00027,,,,,"CS is the G120R mutant, which is away from the binding site and doesn't affect binding",SPR,1,0.5880050496220878,1A22,A,Q,A,68,68,False,2.6,0.01587595697332577,-0.1131325229254246,True,2.27286,0.876407784693891,0.28840273507180325
1A22_A_B,YA164A,YA153A,SUP,,"1A22_A_B,1BP3_A_B",1.62E-09,1.62e-09,9E-10,9e-10,7504735,Human growth hormone,hGH binding protein,298,333000.0,333000.0,300000.0,300000.0,5.67E-04,0.000567,2.7E-04,0.00027,,,,,"CS is the G120R mutant, which is away from the binding site and doesn't affect binding",SPR,1,0.3479697056220545,1A22,A,Y,A,164,164,False,2.6,0.01322432913594013,-0.11645497263185056,True,3.00788,1.0872484682349426,0.739278762612888
1A22_A_B,RA167A,RA156A,COR,,"1A22_A_B,1BP3_A_B",1.44E-09,1.44e-09,9E-10,9e-10,7504735,Human growth hormone,hGH binding protein,298,90900.0,90900.0,300000.0,300000.0,1.32E-04,0.000132,2.7E-04,0.00027,,,,,"CS is the G120R mutant, which is away from the binding site and doesn't affect binding",SPR,1,0.2782421485134755,1A22,A,R,A,167,167,False,2.6,0.009882256398848347,-0.12064253938901381,True,2.90868,1.0587929217093073,0.7805507731958318
1A22_A_B,KA168A,KA157A,COR,,"1A22_A_B,1BP3_A_B",6.93E-10,6.93e-10,9E-10,9e-10,7504735,Human growth hormone,hGH binding protein,298,250000.0,250000.0,300000.0,300000.0,1.73E-04,0.000173,2.7E-04,0.00027,,,,,"CS is the G120R mutant, which is away from the binding site and doesn't affect binding",SPR,1,-0.15472794036756923,1A22,A,K,A,168,168,False,2.6,0.004700789475115997,-0.12713483933280367,True,1.96974,0.7894577316409624,0.9441856720085317
1A22_A_B,DA171A,DA160A,COR,,"1A22_A_B,1BP3_A_B",3.42E-09,3.42e-09,9E-10,9e-10,7504735,Human growth hormone,hGH binding protein,298,361000.0,361000.0,300000.0,300000.0,1.24E-03,0.00124,2.7E-04,0.00027,,,,,"CS is the G120R mutant, which is away from the binding site and doesn't affect binding",SPR,1,0.7903206315055453,1A22,A,D,A,171,171,False,2.6,0.007285479080210098,-0.12389626222233181,True,0.482558,0.36285917727516565,0.4274614542303797
1A22_A_B,KA172A,KA161A,SUP,,"1A22_A_B,1BP3_A_B",2.7E-08,2.7e-08,9E-10,9e-10,7504735,Human growth hormone,hGH binding protein,298,200000.0,200000.0,300000.0,300000.0,5.4E-03,0.0054,2.7E-04,0.00027,,,,,"CS is the G120R mutant, which is away from the binding site and doesn't affect binding",SPR,1,2.013508849943996,1A22,A,K,A,172,172,False,2.6,0.004474163409060661,-0.12741879837713788,True,1.69768,0.7114172478933387,1.3020916020506572
1A22_A_B,EA174A,EA163A,COR,,"1A22_A_B,1BP3_A_B",1.89E-10,1.89e-10,9E-10,9e-10,7504735,Human growth hormone,hGH binding protein,298,492000.0,492000.0,300000.0,300000.0,8.91E-05,8.91e-05,2.7E-04,0.00027,,,,,"CS is the G120R mutant, which is away from the binding site and doesn't affect binding",SPR,1,-0.9239034669726837,1A22,A,E,A,174,174,False,2.6,0.011726984640457658,-0.11833112271192334,True,-1.08725,-0.08744066728445299,0.8364627996882307
1A22_A_B,TA175A,TA164A,COR,,"1A22_A_B,1BP3_A_B",2.25E-08,2.25e-08,9E-10,9e-10,7504735,Human growth hormone,hGH binding protein,298,300000.0,300000.0,300000.0,300000.0,6.75E-03,0.00675,2.7E-04,0.00027,,,,,"CS is the G120R mutant, which is away from the binding site and doesn't affect binding",SPR,1,1.9055744883219747,1A22,A,T,A,175,175,False,2.6,0.01019757946684274,-0.12024744433837495,True,2.14498,0.8397253724993524,1.0658491158226222
1A22_A_B,FA176A,FA165A,SUP,,"1A22_A_B,1BP3_A_B",1.8E-09,1.8e-09,9E-10,9e-10,7504735,Human growth hormone,hGH binding protein,298,273000.0,273000.0,300000.0,300000.0,5.94E-03,0.00594,2.7E-04,0.00027,,,,,"CS is the G120R mutant, which is away from the binding site and doesn't affect binding",SPR,1,0.4103431308914876,1A22,A,F,A,176,176,False,2.6,0.008655486093557978,-0.12217966408773576,True,4.63252,1.5532768866563922,1.1429337557649046
1A22_A_B,RA178A,RA167A,COR,,"1A22_A_B,1BP3_A_B",5.4E-08,5.4e-08,9E-10,9e-10,7504735,Human growth hormone,hGH binding protein,298,120000.0,120000.0,300000.0,300000.0,6.48E-03,0.00648,2.7E-04,0.00027,,,,,"CS is the G120R mutant, which is away from the binding site and doesn't affect binding",SPR,1,2.4238519808354835,1A22,A,R,A,178,178,False,2.6,0.01813634527369986,-0.1103002904608601,True,-0.16838,0.1761374379172639,2.2477145429182195
1A22_A_B,IA179A,IA168A,SUP,,"1A22_A_B,1BP3_A_B",3.51E-09,3.51e-09,9E-10,9e-10,7504735,Human growth hormone,hGH binding protein,298,231000.0,231000.0,300000.0,300000.0,7.83E-04,0.000783,2.7E-04,0.00027,,,,,"CS is the G120R mutant, which is away from the binding site and doesn't affect binding",SPR,1,0.8056981194562756,1A22,A,I,A,179,179,False,2.6,0.017004725384195223,-0.11171819312301398,True,2.94488,1.0691769013890249,0.2634787819327493
1A22_A_B,RA183A,RA172A,RIM,,"1A22_A_B,1BP3_A_B",2.25E-09,2.25e-09,9E-10,9e-10,7504735,Human growth hormone,hGH binding protein,298,167000.0,167000.0,300000.0,300000.0,3.78E-04,0.000378,2.7E-04,0.00027,,,,,"CS is the G120R mutant, which is away from the binding site and doesn't affect binding",SPR,1,0.5424441132694998,1A22,A,R,A,183,183,False,2.6,0.030056078272535255,-0.09536504470567043,True,2.36757,0.9035753735189203,0.36113126024942044
1A22_A_B,EA186A,EA175A,SUR,,"1A22_A_B,1BP3_A_B",8.82E-10,8.82e-10,9E-10,9e-10,7504735,Human growth hormone,hGH binding protein,298,300000.0,300000.0,300000.0,300000.0,2.62E-04,0.000262,2.7E-04,0.00027,,,,,"CS is the G120R mutant, which is away from the binding site and doesn't affect binding",SPR,1,-0.011960002731971522,1A22,A,E,A,186,186,False,2.6,0.06857717859813861,-0.04709868671095585,True,0.051325,0.23915987591539553,0.25111987864736707
1A22_A_B,RB243A,RB11A,SUP,,"1A22_A_B,1BP3_A_B",1.21E-08,1.21e-08,3.4E-10,3.4e-10,9571026,Human growth hormone,hGH binding protein,298(assumed),105000.0,105000.0,150000.0,150000.0,1.27E-03,0.00127,5.1E-05,5.1e-05,,,,,"CS is the G120R mutant, which is away from the binding site and doesn't affect binding",SPR,1,2.114632947472978,1A22,B,R,A,243,243,False,2.6,0.018872325958052737,-0.5754249176407759,True,4.04553,1.3848986481978987,0.7297342992750795
1A22_A_B,EB244A,EB12A,RIM,,"1A22_A_B,1BP3_A_B",5.92E-09,5.92e-09,3.4E-10,3.4e-10,9571026,Human growth hormone,hGH binding protein,298(assumed),240000.0,240000.0,150000.0,150000.0,1.42E-03,0.00142,5.1E-05,5.1e-05,,,,,"CS is the G120R mutant, which is away from the binding site and doesn't affect binding",SPR,1,1.6914304972785639,1A22,B,E,A,244,244,False,2.6,0.018087604198700584,-0.580129108706347,True,-0.440369,0.09811732053862518,1.5933131767399387
1A22_A_B,RB270A,RB29A,SUP,,"1A22_A_B,1BP3_A_B",1.09E-09,1.09e-09,3.4E-10,3.4e-10,9571026,Human growth hormone,hGH binding protein,298(assumed),158000.0,158000.0,150000.0,150000.0,1.72E-04,0.000172,5.1E-05,5.1e-05,,,,,"CS is the G120R mutant, which is away from the binding site and doesn't affect binding",SPR,1,0.6896725157068854,1A22,B,R,A,270,270,False,2.6,0.011386957220492967,-0.6202976439518259,True,0.083214,0.24830724409237112,0.4413652716145142
1A22_A_B,RB271A,RB30A,COR,,"1A22_A_B,1BP3_A_B",8.4E-10,8.4e-10,3.4E-10,3.4e-10,9571026,Human growth hormone,hGH binding protein,298(assumed),,,,,,,,,,,,,"CS is the G120R mutant, which is away from the binding site and doesn't affect binding",SPR,1,0.535438114342474,1A22,B,R,A,271,271,False,2.6,0.014265348863995941,-0.6030424779121327,True,4.22754,1.4371082653665561,0.9016701510240821
1A22_A_B,TB273A,TB32A,RIM,,"1A22_A_B,1BP3_A_B",4.1E-10,4.1e-10,3.4E-10,3.4e-10,9571026,Human growth hormone,hGH binding protein,298(assumed),,,,,,,,,,,,,"CS is the G120R mutant, which is away from the binding site and doesn't affect binding",SPR,1,0.11082923291618264,1A22,B,T,A,273,273,False,2.6,0.025115483558572,-0.537998905356419,True,-1.81395,-0.2958947566007737,0.4067239895169563
1A22_A_B,QB274A,QB33A,RIM,,"1A22_A_B,1BP3_A_B",3.4E-10,3.4e-10,3.4E-10,3.4e-10,9571026,Human growth hormone,hGH binding protein,298(assumed),,,,,,,,,,,,,"CS is the G120R mutant, which is away from the binding site and doesn't affect binding",SPR,1,0.0,1A22,B,Q,A,274,274,False,2.6,0.03167432843128702,-0.4986804347227438,True,0.42864,0.34739278455773426,0.34739278455773426
1A22_A_B,EB275A,EB34A,RIM,,"1A22_A_B,1BP3_A_B",2.9E-10,2.9e-10,3.4E-10,3.4e-10,9571026,Human growth hormone,hGH binding protein,298(assumed),,,,,,,,,,,,,"CS is the G120R mutant, which is away from the binding site and doesn't affect binding.In paper, wild-type AA is THR, not GLU.",SPR,1,-0.09416629922077502,1A22,B,E,A,275,275,False,2.6,0.03514040120852729,-0.4779022819609619,True,1.06948,0.5312179099154761,0.6253842091362511
1A22_A_B,WB276A,WB35A,COR,,"1A22_A_B,1BP3_A_B",8.1E-10,8.1e-10,3.4E-10,3.4e-10,9571026,Human growth hormone,hGH binding protein,298(assumed),94500.0,94500.0,150000.0,150000.0,7.65E-05,7.65e-05,5.1E-05,5.1e-05,,,,,"CS is the G120R mutant, which is away from the binding site and doesn't affect binding",SPR,1,0.5139084689933162,1A22,B,W,A,276,276,False,2.6,0.028860176726367058,-0.515550500003431,True,5.72044,1.8653470295613204,1.3514385605680042
1A22_A_B,SB298A,SB57A,RIM,,"1A22_A_B,1BP3_A_B",3.1E-10,3.1e-10,3.4E-10,3.4e-10,9571026,Human growth hormone,hGH binding protein,298(assumed),110000.0,110000.0,150000.0,150000.0,3.39E-05,3.39e-05,5.1E-05,5.1e-05,,,,,"CS is the G120R mutant, which is away from the binding site and doesn't affect binding",SPR,1,-0.054685005517560975,1A22,B,S,A,298,298,False,2.6,0.021856470115162695,-0.5575357943751706,True,-0.0553407,0.20856279134846575,0.26324779686602673
1A22_A_B,SB302A,SB61A,SUP,,"1A22_A_B,1BP3_A_B",2.5E-10,2.5e-10,3.4E-10,3.4e-10,9571026,Human growth hormone,hGH binding protein,298(assumed),112000.0,112000.0,150000.0,150000.0,2.81E-05,2.81e-05,5.1E-05,5.1e-05,,,,,"CS is the G120R mutant, which is away from the binding site and doesn't affect binding",SPR,1,-0.18203094225079264,1A22,B,S,A,302,302,False,2.6,0.008537473650948018,-0.6373795140409282,True,-0.272292,0.14633025293166116,0.32836119518245377
1A22_A_B,IB303A,IB62A,SUP,,"1A22_A_B,1BP3_A_B",5.13E-09,5.13e-09,3.4E-10,3.4e-10,9571026,Human growth hormone,hGH binding protein,298(assumed),224000.0,224000.0,150000.0,150000.0,1.15E-03,0.00115,5.1E-05,5.1e-05,,,,,"CS is the G120R mutant, which is away from the binding site and doesn't affect binding",SPR,1,1.6066378697683281,1A22,B,I,A,303,303,False,2.6,0.0063729099400353225,-0.6503554780031632,True,2.79178,1.0252601254507716,0.5813777443175565
1A22_A_B,WB304A,WB63A,COR,,"1A22_A_B,1BP3_A_B",>1E-06,1e-06,3.4E-10,3.4e-10,9571026,Human growth hormone,hGH binding protein,298(assumed),,,,,,,,,,,,,"CS is the G120R mutant, which is away from the binding site and doesn't affect binding",SPR,2,4.728046444689608,1A22,B,W,A,304,304,False,2.6,0.0036570310915260136,-0.6666364245451311,True,5.90732,1.9189536075321945,2.8090928371574133
1A22_A_B,IB305A,IB64A,SUP,,"1A22_A_B,1BP3_A_B",9E-09,9e-09,3.4E-10,3.4e-10,9571026,Human growth hormone,hGH binding protein,298(assumed),120000.0,120000.0,150000.0,150000.0,1.08E-03,0.00108,5.1E-05,5.1e-05,,,,,"CS is the G120R mutant, which is away from the binding site and doesn't affect binding",SPR,1,1.9394122693152243,1A22,B,I,A,305,305,False,2.6,0.0043053040722991895,-0.6627502063692491,True,1.30305,0.5982175268710466,1.3411947424441777
1A22_A_B,PB306A,PB65A,SUP,,"1A22_A_B,1BP3_A_B",9.01E-08,9.01e-08,3.4E-10,3.4e-10,9571026,Human growth hormone,hGH binding protein,298(assumed),5700.0,5700.0,150000.0,150000.0,5.14E-04,0.000514,5.1E-05,5.1e-05,,,,,"CS is the G120R mutant, which is away from the binding site and doesn't affect binding",SPR,1,3.3032000569838433,1A22,B,P,A,306,306,False,2.6,0.005380238221101626,-0.6563062718681228,True,2.37484,0.9056607749628856,2.397539282020958
1A22_A_B,EB320A,EB79A,RIM,,"1A22_A_B,1BP3_A_B",2.5E-10,2.5e-10,3.4E-10,3.4e-10,9571026,Human growth hormone,hGH binding protein,298(assumed),177000.0,177000.0,150000.0,150000.0,4.42E-05,4.42e-05,5.1E-05,5.1e-05,,,,,"CS is the G120R mutant, which is away from the binding site and doesn't affect binding",SPR,1,-0.18203094225079264,1A22,B,E,A,320,320,False,2.6,0.045632342573280804,-0.4150059798763635,True,0.481023,0.3624188621147135,0.5444498043655062
1A22_A_B,KB321A,KB80A,COR,,"1A22_A_B,1BP3_A_B",3.9E-10,3.9e-10,3.4E-10,3.4e-10,9571026,Human growth hormone,hGH binding protein,298(assumed),112000.0,112000.0,150000.0,150000.0,4.39E-05,4.39e-05,5.1E-05,5.1e-05,,,,,"CS is the G120R mutant, which is away from the binding site and doesn't affect binding",SPR,1,0.0812230639359831,1A22,B,K,A,321,321,False,2.6,0.026612744106006822,-0.5290232402800613,True,1.49745,0.6539812188527346,0.5727581549167515
1A22_A_B,SB324A,SB83A,SUP,,"1A22_A_B,1BP3_A_B",5.4E-10,5.4e-10,3.4E-10,3.4e-10,9571026,Human growth hormone,hGH binding protein,298(assumed),,,,,,,,,,,,,"CS is the G120R mutant, which is away from the binding site and doesn't affect binding",SPR,1,0.27387312499328287,1A22,B,S,A,324,324,False,2.6,0.005989637781237356,-0.6526530891546471,True,-0.424365,0.10270807221802301,0.17116505277525984
1A22_A_B,DB326A,DB85A,SUP,,"1A22_A_B,1BP3_A_B",1.82E-09,1.82e-09,3.4E-10,3.4e-10,9571026,Human growth hormone,hGH binding protein,298(assumed),270000.0,270000.0,150000.0,150000.0,4.91E-04,0.000491,5.1E-05,5.1e-05,,,,,"CS is the G120R mutant, which is away from the binding site and doesn't affect binding",SPR,1,0.9931665281766952,1A22,B,D,A,326,326,False,2.6,0.01121555011122673,-0.6213251824167352,True,-0.36122,0.1208212323527128,0.8723452958239823
1A22_A_B,EB327A,EB86A,RIM,,"1A22_A_B,1BP3_A_B",1.75E-09,1.75e-09,3.4E-10,3.4e-10,9571026,Human growth hormone,hGH binding protein,298(assumed),164000.0,164000.0,150000.0,150000.0,2.86E-04,0.000286,5.1E-05,5.1e-05,,,,,"CS is the G120R mutant, which is away from the binding site and doesn't affect binding",SPR,1,0.9699478659899526,1A22,B,E,A,327,327,False,2.6,0.013427446229399138,-0.6080654736944122,True,1.32176,0.6035844953740166,0.36636337061593605
1A22_A_B,DB364A,DB119A,SUP,,"1A22_A_B,1BP3_A_B",4.18E-09,4.18e-09,3.4E-10,3.4e-10,9571026,Human growth hormone,hGH binding protein,298(assumed),146000.0,146000.0,150000.0,150000.0,6.08E-04,0.000608,5.1E-05,5.1e-05,,,,,"CS is the G120R mutant, which is away from the binding site and doesn't affect binding",SPR,1,1.485399577481888,1A22,B,D,A,364,364,False,2.6,0.028285510109927324,-0.5189954682746939,True,1.40706,0.628052823182854,0.857346754299034
1A22_A_B,IB365A,IB120A,COR,,"1A22_A_B,1BP3_A_B",1.24E-08,1.24e-08,3.4E-10,3.4e-10,9571026,Human growth hormone,hGH binding protein,298(assumed),134000.0,134000.0,150000.0,150000.0,1.66E-03,0.00166,5.1E-05,5.1e-05,,,,,"CS is the G120R mutant, which is away from the binding site and doesn't affect binding",SPR,1,2.129131631317889,1A22,B,I,A,365,365,False,2.6,0.031354976514660474,-0.5005948616072589,True,1.23724,0.5793399107737477,1.5497917205441416
1A22_A_B,QB366A,QB121A,RIM,,"1A22_A_B,1BP3_A_B",3.5E-10,3.5e-10,3.4E-10,3.4e-10,9571026,Human growth hormone,hGH binding protein,298(assumed),111000.0,111000.0,150000.0,150000.0,3.89E-05,3.89e-05,5.1E-05,5.1e-05,,,,,"CS is the G120R mutant, which is away from the binding site and doesn't affect binding",SPR,1,0.017160621828965293,1A22,B,Q,A,366,366,False,2.6,0.03424922631012005,-0.4832446303092602,True,0.673812,0.41772043831562744,0.40055981648666217
1A22_A_B,KB367A,KB122A,RIM,,"1A22_A_B,1BP3_A_B",3.3E-10,3.3e-10,3.4E-10,3.4e-10,9571026,Human growth hormone,hGH binding protein,298(assumed),,,,,,,,,,,,,"CS is the G120R mutant, which is away from the binding site and doesn't affect binding",SPR,1,-0.017672954184611244,1A22,B,K,A,367,367,False,2.6,0.02758248733297407,-0.5232098964166725,True,0.491811,0.3655134027993764,0.3831863569839876
1A22_A_B,WB369A,WB124A,COR,,"1A22_A_B,1BP3_A_B",>1E-06,1e-06,3.4E-10,3.4e-10,9571026,Human growth hormone,hGH binding protein,298(assumed),,,,,,,,,,,,,"CS is the G120R mutant, which is away from the binding site and doesn't affect binding",SPR,2,4.728046444689608,1A22,B,W,A,369,369,False,2.6,0.018695861276354506,-0.5764827748610459,True,4.3065,1.459757962480106,3.2682884822095017
1A22_A_B,VB371A,VB126A,COR,,"1A22_A_B,1BP3_A_B",1.2E-10,1.2e-10,3.4E-10,3.4e-10,9571026,Human growth hormone,hGH binding protein,298(assumed),128000.0,128000.0,150000.0,150000.0,1.53E-05,1.53e-05,5.1E-05,5.1e-05,,,,,"CS is the G120R mutant, which is away from the binding site and doesn't affect binding",SPR,1,-0.6165406938982714,1A22,B,V,A,371,371,False,2.6,0.028132243176113587,-0.5199142613782385,True,0.848777,0.4679091953504838,1.0844498892487553
1A22_A_B,TB395A,TB150A,RIM,,"1A22_A_B,1BP3_A_B",2.9E-10,2.9e-10,3.4E-10,3.4e-10,9571026,Human growth hormone,hGH binding protein,298(assumed),,,,,,,,,,,,,"CS is the G120R mutant, which is away from the binding site and doesn't affect binding",SPR,1,-0.09416629922077502,1A22,B,T,A,395,395,False,2.6,0.041213236934104905,-0.44149730246029306,True,-0.244854,0.1542008505684593,0.24836714978923433
1A22_A_B,QB416A,QB171A,SUP,,"1A22_A_B,1BP3_A_B",1.53E-09,1.53e-09,3.4E-10,3.4e-10,9571026,Human growth hormone,hGH binding protein,298(assumed),122000.0,122000.0,150000.0,150000.0,1.86E-04,0.000186,5.1E-05,5.1e-05,,,,,"CS is the G120R mutant, which is away from the binding site and doesn't affect binding",SPR,1,0.8904138188915542,1A22,B,Q,A,416,416,False,2.6,0.02788122573823673,-0.5214190418618811,True,0.298984,0.3102009262883014,0.5802128926032528
1A22_A_B,RB417A,RB172A,COR,,"1A22_A_B,1BP3_A_B",5.4E-10,5.4e-10,3.4E-10,3.4e-10,9571026,Human growth hormone,hGH binding protein,298(assumed),130000.0,130000.0,150000.0,150000.0,7.05E-05,7.05e-05,5.1E-05,5.1e-05,,,,,"CS is the G120R mutant, which is away from the binding site and doesn't affect binding",SPR,1,0.27387312499328287,1A22,B,R,A,417,417,False,2.6,0.027528726506319955,-0.5235321777825324,True,0.236825,0.2923706005172636,0.018497475523980733
1A22_A_B,NB418A,NB173A,COR,,"1A22_A_B,1BP3_A_B",5.6E-10,5.6e-10,3.4E-10,3.4e-10,9571026,Human growth hormone,hGH binding protein,298(assumed),154000.0,154000.0,150000.0,150000.0,8.65E-05,8.65e-05,5.1E-05,5.1e-05,,,,,"CS is the G120R mutant, which is away from the binding site and doesn't affect binding",SPR,1,0.2954027703424408,1A22,B,N,A,418,418,False,2.6,0.02221274891322167,-0.5554000009952788,True,0.494908,0.3664017780775003,0.07099900773505952
1A22_A_B,SB419A,SB174A,COR,,"1A22_A_B,1BP3_A_B",3.6E-10,3.6e-10,3.4E-10,3.4e-10,9571026,Human growth hormone,hGH binding protein,298(assumed),112000.0,112000.0,150000.0,150000.0,4.05E-05,4.05e-05,5.1E-05,5.1e-05,,,,,"CS is the G120R mutant, which is away from the binding site and doesn't affect binding",SPR,1,0.033837780993249585,1A22,B,S,A,419,419,False,2.6,0.020577256689884027,-0.5652043269402963,True,0.224791,0.28891864439942594,0.25508086340617636
1A22_A_B,EB242A,EB10A,INT,,"1A22_A_B,1BP3_A_B",4.6E-10,4.6e-10,3.4E-10,3.4e-10,9571026,Human growth hormone,hGH binding protein,298(assumed),,,,,,,,,,,,,"CS is the G120R mutant, which is away from the binding site and doesn't affect binding",SPR,1,0.17895027614877673,1A22,B,E,A,242,242,False,2.6,0.02650321663049353,-0.5296798273640866,True,1.41307,0.6297767932899011,0.45082651714112437
1A22_A_B,NB272A,NB31A,SUR,,"1A22_A_B,1BP3_A_B",5.4E-10,5.4e-10,3.4E-10,3.4e-10,9571026,Human growth hormone,hGH binding protein,298(assumed),129000.0,129000.0,150000.0,150000.0,6.97E-05,6.97e-05,5.1E-05,5.1e-05,,,,,"CS is the G120R mutant, which is away from the binding site and doesn't affect binding",SPR,1,0.27387312499328287,1A22,B,N,A,272,272,False,2.6,0.01922622749386344,-0.5733033752940631,True,0.510003,0.37073178286383557,0.0968586578705527
1A22_A_B,TB277A,TB36A,SUR,,"1A22_A_B,1BP3_A_B",4.8E-10,4.8e-10,3.4E-10,3.4e-10,9571026,Human growth hormone,hGH binding protein,298(assumed),134000.0,134000.0,150000.0,150000.0,6.41E-05,6.41e-05,5.1E-05,5.1e-05,,,,,"CS is the G120R mutant, which is away from the binding site and doesn't affect binding",SPR,1,0.2041455678847038,1A22,B,T,A,277,277,False,2.6,0.04672856686172881,-0.4084344168451094,True,-0.0212635,0.2183378452805562,0.014192277395852382
1A22_A_B,TB301A,TB60A,SUP,,"1A22_A_B,1BP3_A_B",6.65E-09,6.65e-09,3.4E-10,3.4e-10,9571026,Human growth hormone,hGH binding protein,298(assumed),,,,,,,,,,,,,"CS is the G120R mutant, which is away from the binding site and doesn't affect binding",SPR,1,1.760268497495498,1A22,B,T,A,301,301,False,2.6,0.013548854876020193,-0.6073376622581785,True,0.745207,0.43820011315633023,1.3220683843391678
1A22_A_B,TB394A,TB149A,SUR,,"1A22_A_B,1BP3_A_B",4.8E-10,4.8e-10,3.4E-10,3.4e-10,9571026,Human growth hormone,hGH binding protein,298(assumed),,,,,,,,,,,,,"CS is the G120R mutant, which is away from the binding site and doesn't affect binding",SPR,1,0.2041455678847038,1A22,B,T,A,394,394,False,2.6,0.050317197472278356,-0.3869215635890462,True,0.317097,0.31539664518163635,0.11125107729693254
1A22_A_B,RB243L,RB11L,SUP,,"1A22_A_B,1BP3_A_B",8.2E-10,8.2e-10,3.4E-10,3.4e-10,9571026,Human growth hormone,hGH binding protein,298(assumed),,,,,,,,,,,,,"CS is the G120R mutant, which is away from the binding site and doesn't affect binding",SPR,1,0.5211723638076703,1A22,B,R,L,243,243,False,2.6,0.018872325958052737,-0.5754249176407759,True,1.34239,0.609502216390386,0.08832985258271575
1A22_A_B,RB243M,RB11M,SUP,,"1A22_A_B,1BP3_A_B",1.84E-09,1.84e-09,3.4E-10,3.4e-10,9571026,Human growth hormone,hGH binding protein,298(assumed),,,,,,,,,,,,,"CS is the G120R mutant, which is away from the binding site and doesn't affect binding",SPR,1,0.9996365379317519,1A22,B,R,M,243,243,False,2.6,0.018872325958052737,-0.5754249176407759,True,1.18361,0.5639561309333263,0.4356804069984256
1A22_A_B,EB242A,EB10A,INT,,"1A22_A_B,1BP3_A_B",3.2E-09,3.2e-09,4E-10,4e-10,2034689,Human growth hormone,hGH binding protein,298,,,,,,,,,,,,,"CS is the G120R mutant, which is away from the binding site and doesn't affect binding",IARA,1,1.2310293926744627,1A22,B,E,A,242,242,False,2.6,0.02650321663049353,-0.5296798273640866,True,1.41307,0.6297767932899011,0.6012525993845615
1A22_A_B,RB243A,RB11A,SUP,,"1A22_A_B,1BP3_A_B",6.4E-10,6.4e-10,4E-10,4e-10,2034689,Human growth hormone,hGH binding protein,298,,,,,,,,,,,,,"CS is the G120R mutant, which is away from the binding site and doesn't affect binding",IARA,1,0.2782421485134754,1A22,B,R,A,243,243,False,2.6,0.018872325958052737,-0.5754249176407759,True,4.04553,1.3848986481978987,1.1066564996844233
1A22_A_B,EB244A,EB12A,RIM,,"1A22_A_B,1BP3_A_B",1.2E-09,1.2e-09,4E-10,4e-10,2034689,Human growth hormone,hGH binding protein,298,,,,,,,,,,,,,"CS is the G120R mutant, which is away from the binding site and doesn't affect binding",IARA,1,0.650378474891521,1A22,B,E,A,244,244,False,2.6,0.018087604198700584,-0.580129108706347,True,-0.440369,0.09811732053862518,0.5522611543528958
1A22_A_B,RB270A,RB29A,SUP,,"1A22_A_B,1BP3_A_B",8.1E-10,8.1e-10,4E-10,4e-10,2034689,Human growth hormone,hGH binding protein,298,,,,,,,,,,,,,"CS is the G120R mutant, which is away from the binding site and doesn't affect binding",IARA,1,0.4176972627306334,1A22,B,R,A,270,270,False,2.6,0.011386957220492967,-0.6202976439518259,True,0.083214,0.24830724409237112,0.16939001863826228
1A22_A_B,RB271A,RB30A,COR,,"1A22_A_B,1BP3_A_B",1.1E-09,1.1e-09,4E-10,4e-10,2034689,Human growth hormone,hGH binding protein,298,,,,,,,,,,,,,"CS is the G120R mutant, which is away from the binding site and doesn't affect binding",IARA,1,0.5988677397136599,1A22,B,R,A,271,271,False,2.6,0.014265348863995941,-0.6030424779121327,True,4.22754,1.4371082653665561,0.8382405256528962
1A22_A_B,EB275A,EB34A,RIM,,"1A22_A_B,1BP3_A_B",3.5E-10,3.5e-10,4E-10,4e-10,2034689,Human growth hormone,hGH binding protein,298,,,,,,,,,,,,,"CS is the G120R mutant, which is away from the binding site and doesn't affect binding",IARA,1,-0.07905058443371746,1A22,B,E,A,275,275,False,2.6,0.03514040120852729,-0.4779022819609619,True,1.06948,0.5312179099154761,0.6102684943491936
1A22_A_B,KB310A,KB69A,INT,,"1A22_A_B,1BP3_A_B",4.3E-10,4.3e-10,4E-10,4e-10,2034689,Human growth hormone,hGH binding protein,298,,,,,,,,,,,,,"CS is the G120R mutant, which is away from the binding site and doesn't affect binding",IARA,1,0.042813831655138634,1A22,B,K,A,310,310,False,2.6,0.035237565020317996,-0.4773198116396342,True,1.17043,0.5601754444090534,0.5173616127539148
1A22_A_B,DB326A,DB85A,SUP,,"1A22_A_B,1BP3_A_B",2.1E-09,2.1e-09,4E-10,4e-10,2034689,Human growth hormone,hGH binding protein,298,,,,,,,,,,,,,"CS is the G120R mutant, which is away from the binding site and doesn't affect binding",IARA,1,0.9816710213492912,1A22,B,D,A,326,326,False,2.6,0.01121555011122673,-0.6213251824167352,True,-0.36122,0.1208212323527128,0.8608497889965784
1A22_A_B,EB327A,EB86A,RIM,,"1A22_A_B,1BP3_A_B",8E-10,8e-10,4E-10,4e-10,2034689,Human growth hormone,hGH binding protein,298,,,,,,,,,,,,,"CS is the G120R mutant, which is away from the binding site and doesn't affect binding",IARA,1,0.4103431308914876,1A22,B,E,A,327,327,False,2.6,0.013427446229399138,-0.6080654736944122,True,1.32176,0.6035844953740166,0.193241364482529
1A22_A_B,RB417A,RB172A,COR,,"1A22_A_B,1BP3_A_B",7E-10,7e-10,4E-10,4e-10,2034689,Human growth hormone,hGH binding protein,298,,,,,,,,,,,,,"CS is the G120R mutant, which is away from the binding site and doesn't affect binding.In paper, wild-type AA is LYS, not ARG.",IARA,1,0.3312925464577701,1A22,B,R,A,417,417,False,2.6,0.027528726506319955,-0.5235321777825324,True,0.236825,0.2923706005172636,0.03892194594050652
1A22_A_B,WB276A,WB35A,COR,,"1A22_A_B,1BP3_A_B",1E-09,1e-09,4E-10,4e-10,2034689,Human growth hormone,hGH binding protein,298,,,,,,,,,,,,,"CS is the G120R mutant, which is away from the binding site and doesn't affect binding",IARA,1,0.5424441132694998,1A22,B,W,A,276,276,False,2.6,0.028860176726367058,-0.515550500003431,True,5.72044,1.8653470295613204,1.3229029162918207
1A22_A_B,WB304A,WB63A,COR,,"1A22_A_B,1BP3_A_B",>1E-06,1e-06,4E-10,4e-10,2034689,Human growth hormone,hGH binding protein,298,,,,,,,,,,,,,"CS is the G120R mutant, which is away from the binding site and doesn't affect binding",IARA,2,4.631835238426925,1A22,B,W,A,304,304,False,2.6,0.0036570310915260136,-0.6666364245451311,True,5.90732,1.9189536075321945,2.7128816308947306
1A22_A_B,WB304F,WB63F,COR,,"1A22_A_B,1BP3_A_B",4.4E-08,4.4e-08,4E-10,4e-10,2034689,Human growth hormone,hGH binding protein,298,,,,,,,,,,,,,"CS is the G120R mutant, which is away from the binding site and doesn't affect binding",IARA,1,2.78268437654911,1A22,B,W,F,304,304,False,2.6,0.0036570310915260136,-0.6666364245451311,True,2.63931,0.9815240651809775,1.8011603113681325
1A22_A_B,NB272A,NB31A,SUR,,"1A22_A_B,1BP3_A_B",1.9E-10,1.9e-10,4E-10,4e-10,2034689,Human growth hormone,hGH binding protein,298,,,,,,,,,,,,,"CS is the G120R mutant, which is away from the binding site and doesn't affect binding",IARA,1,-0.44070876116891755,1A22,B,N,A,272,272,False,2.6,0.01922622749386344,-0.5733033752940631,True,0.510003,0.37073178286383557,0.8114405440327531
1A22_A_B,TB273A,TB32A,RIM,,"1A22_A_B,1BP3_A_B",1.9E-10,1.9e-10,4E-10,4e-10,2034689,Human growth hormone,hGH binding protein,298,,,,,,,,,,,,,"CS is the G120R mutant, which is away from the binding site and doesn't affect binding",IARA,1,-0.44070876116891755,1A22,B,T,A,273,273,False,2.6,0.025115483558572,-0.537998905356419,True,-1.81395,-0.2958947566007737,0.14481400456814386
1A22_A_B,QB274A,QB33A,RIM,,"1A22_A_B,1BP3_A_B",1.5E-10,1.5e-10,4E-10,4e-10,2034689,Human growth hormone,hGH binding protein,298,,,,,,,,,,,,,"CS is the G120R mutant, which is away from the binding site and doesn't affect binding",IARA,1,-0.5806509177829419,1A22,B,Q,A,274,274,False,2.6,0.03167432843128702,-0.4986804347227438,True,0.42864,0.34739278455773426,0.9280437023406761
1A22_A_B,TB277A,TB36A,SUR,,"1A22_A_B,1BP3_A_B",2.6E-10,2.6e-10,4E-10,4e-10,2034689,Human growth hormone,hGH binding protein,298,,,,,,,,,,,,,"CS is the G120R mutant, which is away from the binding site and doesn't affect binding",IARA,1,-0.255023486326733,1A22,B,T,A,277,277,False,2.6,0.04672856686172881,-0.4084344168451094,True,-0.0212635,0.2183378452805562,0.4733613316072892
1A22_A_B,QB278A,QB37A,INT,,"1A22_A_B,1BP3_A_B",2E-10,2e-10,4E-10,4e-10,2034689,Human growth hormone,hGH binding protein,298,,,,,,,,,,,,,"CS is the G120R mutant, which is away from the binding site and doesn't affect binding",IARA,1,-0.4103431308914876,1A22,B,Q,A,278,278,False,2.6,0.041401792485894345,-0.4403669638000984,True,-0.21426,0.16297674764915768,0.5733198785406453
1A22_A_B,NB297A,NB56A,SUR,,"1A22_A_B,1BP3_A_B",2.6E-10,2.6e-10,4E-10,4e-10,2034689,Human growth hormone,hGH binding protein,298,,,,,,,,,,,,,"CS is the G120R mutant, which is away from the binding site and doesn't affect binding",IARA,1,-0.255023486326733,1A22,B,N,A,297,297,False,2.6,0.034191467917538985,-0.48359087598309736,True,1.33501,0.6073852614170072,0.8624087477437402
1A22_A_B,SB298A,SB57A,RIM,,"1A22_A_B,1BP3_A_B",2.3E-10,2.3e-10,4E-10,4e-10,2034689,Human growth hormone,hGH binding protein,298,,,,,,,,,,,,,"CS is the G120R mutant, which is away from the binding site and doesn't affect binding",IARA,1,-0.3276040610053937,1A22,B,S,A,298,298,False,2.6,0.021856470115162695,-0.5575357943751706,True,-0.0553407,0.20856279134846575,0.5361668523538594
1A22_A_B,SB299A,SB58A,RIM,,"1A22_A_B,1BP3_A_B",1.7E-10,1.7e-10,4E-10,4e-10,2034689,Human growth hormone,hGH binding protein,298,,,,,,,,,,,,,"CS is the G120R mutant, which is away from the binding site and doesn't affect binding",IARA,1,-0.5065543371541703,1A22,B,S,A,299,299,False,2.6,0.029164856106809574,-0.513724030936835,True,0.26486,0.3004124477636968,0.8069667849178671
1A22_A_B,FB300A,FB59A,SUR,,"1A22_A_B,1BP3_A_B",3.9E-10,3.9e-10,4E-10,4e-10,2034689,Human growth hormone,hGH binding protein,298,,,,,,,,,,,,,"CS is the G120R mutant, which is away from the binding site and doesn't affect binding",IARA,1,-0.014988142326699618,1A22,B,F,A,300,300,False,2.6,0.020675174480799592,-0.5646173367215395,True,2.00968,0.8009145313207393,0.815902673647439
1A22_A_B,TB301A,TB60A,SUP,,"1A22_A_B,1BP3_A_B",2.5E-09,2.5e-09,4E-10,4e-10,2034689,Human growth hormone,hGH binding protein,298,,,,,,,,,,,,,"CS is the G120R mutant, which is away from the binding site and doesn't affect binding",IARA,1,1.0848882265389996,1A22,B,T,A,301,301,False,2.6,0.013548854876020193,-0.6073376622581785,True,0.745207,0.43820011315633023,0.6466881133826694
1A22_A_B,SB302A,SB61A,SUP,,"1A22_A_B,1BP3_A_B",8.8E-10,8.8e-10,4E-10,4e-10,2034689,Human growth hormone,hGH binding protein,298,,,,,,,,,,,,,"CS is the G120R mutant, which is away from the binding site and doesn't affect binding",IARA,1,0.4667667573356479,1A22,B,S,A,302,302,False,2.6,0.008537473650948018,-0.6373795140409282,True,-0.272292,0.14633025293166116,0.32043650440398674
1A22_A_B,IB303A,IB62A,SUP,,"1A22_A_B,1BP3_A_B",8.3E-10,8.3e-10,4E-10,4e-10,2034689,Human growth hormone,hGH binding protein,298,,,,,,,,,,,,,"CS is the G120R mutant, which is away from the binding site and doesn't affect binding",IARA,1,0.4321370029801357,1A22,B,I,A,303,303,False,2.6,0.0063729099400353225,-0.6503554780031632,True,2.79178,1.0252601254507716,0.5931231224706359
1A22_A_B,IB305A,IB64A,SUP,,"1A22_A_B,1BP3_A_B",5E-10,5e-10,4E-10,4e-10,2034689,Human growth hormone,hGH binding protein,298,,,,,,,,,,,,,"CS is the G120R mutant, which is away from the binding site and doesn't affect binding",IARA,1,0.13210098237801218,1A22,B,I,A,305,305,False,2.6,0.0043053040722991895,-0.6627502063692491,True,1.30305,0.5982175268710466,0.4661165444930344
1A22_A_B,PB306A,PB65A,SUP,,"1A22_A_B,1BP3_A_B",3.37E-08,3.37e-08,4E-10,4e-10,2034689,Human growth hormone,hGH binding protein,298,,,,,,,,,,,,,"CS is the G120R mutant, which is away from the binding site and doesn't affect binding",IARA,1,2.6248028329856226,1A22,B,P,A,306,306,False,2.6,0.005380238221101626,-0.6563062718681228,True,2.37484,0.9056607749628856,1.719142058022737
1A22_A_B,VB325A,VB84A,INT,,"1A22_A_B,1BP3_A_B",2.75E-09,2.75e-09,4E-10,4e-10,2034689,Human growth hormone,hGH binding protein,298,,,,,,,,,,,,,"CS is the G120R mutant, which is away from the binding site and doesn't affect binding",IARA,1,1.1413118529831596,1A22,B,V,A,325,325,False,2.6,0.010012953689217558,-0.6285344171250653,True,1.58741,0.6797862689076353,0.46152558407552435
1A22_A_B,FA25A,FA25A,COR,,"1A22_A_B,1BP3_A_B",1.4E-09,1.4e-09,2.9E-09,2.9e-09,8756685,Human growth hormone,hGH binding protein,298(assumed),190000.0,190000.0,170000.0,170000.0,2.8E-04,0.00028,4.9E-04,0.00049,,,,,"CS is the G120R mutant, which is away from the binding site and doesn't affect binding",SPR,1,-0.4311171922197596,1A22,A,F,A,25,25,False,2.6,0.022955806952604497,-0.10426157763153811,True,1.42737,0.633878752113657,1.0649959443334165
1A22_A_B,FA25A,FA25A,COR,,"1A22_A_B,1BP3_A_B",1.34E-09,1.34e-09,2.6E-09,2.6e-09,8756685,Human growth hormone,hGH binding protein,298(assumed),,,,,,,,,-12.2,-9.4,-0.3,7.7,"CS is the G120R mutant, which is away from the binding site and doesn't affect binding",ITC,2,-0.3924023639902529,1A22,A,F,A,25,25,False,2.6,0.022955806952604497,-0.10426157763153811,True,1.42737,0.633878752113657,1.0262811161039098
1A22_A_B,RB243A,RB11A,SUP,,"1A22_A_B,1BP3_A_B",3.95E-08,3.95e-08,1E-09,1e-09,7529940,Human growth hormone,hGH binding protein,298(assumed),,,,,,,,,,,,,"CS is the G120R mutant, which is away from the binding site and doesn't affect binding. ffinities calculated from ddG taken from ASEdb, assuming wt dG of -12.3.",RA,1,2.176369997768989,1A22,B,R,A,243,243,False,2.6,0.018872325958052737,-0.5754249176407759,True,4.04553,1.3848986481978987,0.7914713495710903
1A22_A_B,EB244A,EB12A,RIM,,"1A22_A_B,1BP3_A_B",2.01E-08,2.01e-08,1E-09,1e-09,7529940,Human growth hormone,hGH binding protein,298(assumed),,,,,,,,,,,,,"CS is the G120R mutant, which is away from the binding site and doesn't affect binding. ffinities calculated from ddG taken from ASEdb, assuming wt dG of -12.3.",RA,1,1.7764261305184978,1A22,B,E,A,244,244,False,2.6,0.018087604198700584,-0.580129108706347,True,-0.440369,0.09811732053862518,1.6783088099798726
1A22_A_B,NB272A,NB31A,SUR,,"1A22_A_B,1BP3_A_B",1.35E-09,1.35e-09,1E-09,1e-09,7529940,Human growth hormone,hGH binding protein,298(assumed),,,,,,,,,,,,,"CS is the G120R mutant, which is away from the binding site and doesn't affect binding. ffinities calculated from ddG taken from ASEdb, assuming wt dG of -12.3.",RA,1,0.1776619187306002,1A22,B,N,A,272,272,False,2.6,0.01922622749386344,-0.5733033752940631,True,0.510003,0.37073178286383557,0.19306986413323537
1A22_A_B,TB273A,TB32A,RIM,,"1A22_A_B,1BP3_A_B",1.14E-09,1.14e-09,1E-09,1e-09,7529940,Human growth hormone,hGH binding protein,298(assumed),,,,,,,,,,,,,"CS is the G120R mutant, which is away from the binding site and doesn't affect binding. ffinities calculated from ddG taken from ASEdb, assuming wt dG of -12.3.",RA,1,0.07756873134459116,1A22,B,T,A,273,273,False,2.6,0.025115483558572,-0.537998905356419,True,-1.81395,-0.2958947566007737,0.3734634879453649
1A22_A_B,QB274A,QB33A,RIM,,"1A22_A_B,1BP3_A_B",1E-09,1e-09,1E-09,1e-09,7529940,Human growth hormone,hGH binding protein,298(assumed),,,,,,,,,,,,,"CS is the G120R mutant, which is away from the binding site and doesn't affect binding. ffinities calculated from ddG taken from ASEdb, assuming wt dG of -12.3.",RA,1,0.0,1A22,B,Q,A,274,274,False,2.6,0.03167432843128702,-0.4986804347227438,True,0.42864,0.34739278455773426,0.34739278455773426
1A22_A_B,EB275A,EB34A,RIM,,"1A22_A_B,1BP3_A_B",8.13E-10,8.13e-10,1E-09,1e-09,7529940,Human growth hormone,hGH binding protein,298(assumed),,,,,,,,,,,,,"CS is the G120R mutant, which is away from the binding site and doesn't affect binding. ffinities calculated from ddG taken from ASEdb, assuming wt dG of -12.3.",RA,1,-0.1225583083051213,1A22,B,E,A,275,275,False,2.6,0.03514040120852729,-0.4779022819609619,True,1.06948,0.5312179099154761,0.6537762182205974
1A22_A_B,WB276A,WB35A,COR,,"1A22_A_B,1BP3_A_B",2.65E-09,2.65e-09,1E-09,1e-09,7529940,Human growth hormone,hGH binding protein,298(assumed),,,,,,,,,,,,,"CS is the G120R mutant, which is away from the binding site and doesn't affect binding. ffinities calculated from ddG taken from ASEdb, assuming wt dG of -12.3.",RA,1,0.5769393068788934,1A22,B,W,A,276,276,False,2.6,0.028860176726367058,-0.515550500003431,True,5.72044,1.8653470295613204,1.288407722682427
1A22_A_B,SB298A,SB57A,RIM,,"1A22_A_B,1BP3_A_B",8.13E-10,8.13e-10,1E-09,1e-09,7529940,Human growth hormone,hGH binding protein,298(assumed),,,,,,,,,,,,,"CS is the G120R mutant, which is away from the binding site and doesn't affect binding. ffinities calculated from ddG taken from ASEdb, assuming wt dG of -12.3.",RA,1,-0.1225583083051213,1A22,B,S,A,298,298,False,2.6,0.021856470115162695,-0.5575357943751706,True,-0.0553407,0.20856279134846575,0.33112109965358705
1A22_A_B,SB302A,SB61A,SUP,,"1A22_A_B,1BP3_A_B",6.87E-10,6.87e-10,1E-09,1e-09,7529940,Human growth hormone,hGH binding protein,298(assumed),,,,,,,,,,,,,"CS is the G120R mutant, which is away from the binding site and doesn't affect binding. ffinities calculated from ddG taken from ASEdb, assuming wt dG of -12.3.",RA,1,-0.22224922416179438,1A22,B,S,A,302,302,False,2.6,0.008537473650948018,-0.6373795140409282,True,-0.272292,0.14633025293166116,0.3685794770934555
1A22_A_B,IB303A,IB62A,SUP,,"1A22_A_B,1BP3_A_B",2.01E-08,2.01e-08,1E-09,1e-09,7529940,Human growth hormone,hGH binding protein,298(assumed),,,,,,,,,,,,,"CS is the G120R mutant, which is away from the binding site and doesn't affect binding. ffinities calculated from ddG taken from ASEdb, assuming wt dG of -12.3.",RA,1,1.7764261305184978,1A22,B,I,A,303,303,False,2.6,0.0063729099400353225,-0.6503554780031632,True,2.79178,1.0252601254507716,0.7511660050677262
1A22_A_B,IB305A,IB64A,SUP,,"1A22_A_B,1BP3_A_B",2.82E-08,2.82e-08,1E-09,1e-09,7529940,Human growth hormone,hGH binding protein,298(assumed),,,,,,,,,,,,,"CS is the G120R mutant, which is away from the binding site and doesn't affect binding. ffinities calculated from ddG taken from ASEdb, assuming wt dG of -12.3.",RA,1,1.9768786109428882,1A22,B,I,A,305,305,False,2.6,0.0043053040722991895,-0.6627502063692491,True,1.30305,0.5982175268710466,1.3786610840718416
1A22_A_B,CB308A,CB67A,SUP,,"1A22_A_B,1BP3_A_B",1E-09,1e-09,1E-09,1e-09,7529940,Human growth hormone,hGH binding protein,298(assumed),,,,,,,,,,,,,"CS is the G120R mutant, which is away from the binding site and doesn't affect binding. ffinities calculated from ddG taken from ASEdb, assuming wt dG of -12.3.",RA,1,0.0,1A22,B,C,A,308,308,False,2.6,0.012313267530438045,-0.6147446684773245,True,3.40655,1.2016070643375123,1.2016070643375123
1A22_A_B,EB320A,EB79A,RIM,,"1A22_A_B,1BP3_A_B",6.87E-10,6.87e-10,1E-09,1e-09,7529940,Human growth hormone,hGH binding protein,298(assumed),,,,,,,,,,,,,"CS is the G120R mutant, which is away from the binding site and doesn't affect binding. ffinities calculated from ddG taken from ASEdb, assuming wt dG of -12.3.",RA,1,-0.22224922416179438,1A22,B,E,A,320,320,False,2.6,0.045632342573280804,-0.4150059798763635,True,0.481023,0.3624188621147135,0.5846680862765079
1A22_A_B,KB321A,KB80A,COR,,"1A22_A_B,1BP3_A_B",1.14E-09,1.14e-09,1E-09,1e-09,7529940,Human growth hormone,hGH binding protein,298(assumed),,,,,,,,,,,,,"CS is the G120R mutant, which is away from the binding site and doesn't affect binding. ffinities calculated from ddG taken from ASEdb, assuming wt dG of -12.3.",RA,1,0.07756873134459116,1A22,B,K,A,321,321,False,2.6,0.026612744106006822,-0.5290232402800613,True,1.49745,0.6539812188527346,0.5764124875081434
1A22_A_B,CB322A,CB81A,COR,,"1A22_A_B,1BP3_A_B",1E-09,1e-09,1E-09,1e-09,7529940,Human growth hormone,hGH binding protein,298(assumed),,,,,,,,,,,,,"CS is the G120R mutant, which is away from the binding site and doesn't affect binding. ffinities calculated from ddG taken from ASEdb, assuming wt dG of -12.3.",RA,1,0.0,1A22,B,C,A,322,322,False,2.6,0.014713613137775524,-0.6003552569110614,True,3.24698,1.1558343671692102,1.1558343671692102
1A22_A_B,SB324A,SB83A,SUP,,"1A22_A_B,1BP3_A_B",1.35E-09,1.35e-09,1E-09,1e-09,7529940,Human growth hormone,hGH binding protein,298(assumed),,,,,,,,,,,,,"CS is the G120R mutant, which is away from the binding site and doesn't affect binding. ffinities calculated from ddG taken from ASEdb, assuming wt dG of -12.3.",RA,1,0.1776619187306002,1A22,B,S,A,324,324,False,2.6,0.005989637781237356,-0.6526530891546471,True,-0.424365,0.10270807221802301,0.07495384651257718
1A22_A_B,DB326A,DB85A,SUP,,"1A22_A_B,1BP3_A_B",5.21E-09,5.21e-09,1E-09,1e-09,7529940,Human growth hormone,hGH binding protein,298(assumed),,,,,,,,,,,,,"CS is the G120R mutant, which is away from the binding site and doesn't affect binding. ffinities calculated from ddG taken from ASEdb, assuming wt dG of -12.3.",RA,1,0.9771432746130431,1A22,B,D,A,326,326,False,2.6,0.01121555011122673,-0.6213251824167352,True,-0.36122,0.1208212323527128,0.8563220422603303
1A22_A_B,EB327A,EB86A,RIM,,"1A22_A_B,1BP3_A_B",5.21E-09,5.21e-09,1E-09,1e-09,7529940,Human growth hormone,hGH binding protein,298(assumed),,,,,,,,,,,,,"CS is the G120R mutant, which is away from the binding site and doesn't affect binding. ffinities calculated from ddG taken from ASEdb, assuming wt dG of -12.3.",RA,1,0.9771432746130431,1A22,B,E,A,327,327,False,2.6,0.013427446229399138,-0.6080654736944122,True,1.32176,0.6035844953740166,0.3735587792390265
1A22_A_B,DB364A,DB119A,SUP,,"1A22_A_B,1BP3_A_B",1.43E-08,1.43e-08,1E-09,1e-09,7529940,Human growth hormone,hGH binding protein,298(assumed),,,,,,,,,,,,,"CS is the G120R mutant, which is away from the binding site and doesn't affect binding. ffinities calculated from ddG taken from ASEdb, assuming wt dG of -12.3.",RA,1,1.57487364606139,1A22,B,D,A,364,364,False,2.6,0.028285510109927324,-0.5189954682746939,True,1.40706,0.628052823182854,0.9468208228785359
1A22_A_B,IB365A,IB120A,COR,,"1A22_A_B,1BP3_A_B",3.95E-08,3.95e-08,1E-09,1e-09,7529940,Human growth hormone,hGH binding protein,298(assumed),,,,,,,,,,,,,"CS is the G120R mutant, which is away from the binding site and doesn't affect binding. ffinities calculated from ddG taken from ASEdb, assuming wt dG of -12.3.",RA,1,2.176369997768989,1A22,B,I,A,365,365,False,2.6,0.031354976514660474,-0.5005948616072589,True,1.23724,0.5793399107737477,1.5970300869952414
1A22_A_B,QB366A,QB121A,RIM,,"1A22_A_B,1BP3_A_B",1E-09,1e-09,1E-09,1e-09,7529940,Human growth hormone,hGH binding protein,298(assumed),,,,,,,,,,,,,"CS is the G120R mutant, which is away from the binding site and doesn't affect binding. ffinities calculated from ddG taken from ASEdb, assuming wt dG of -12.3.",RA,1,0.0,1A22,B,Q,A,366,366,False,2.6,0.03424922631012005,-0.4832446303092602,True,0.673812,0.41772043831562744,0.41772043831562744
1A22_A_B,KB367A,KB122A,RIM,,"1A22_A_B,1BP3_A_B",1E-09,1e-09,1E-09,1e-09,7529940,Human growth hormone,hGH binding protein,298(assumed),,,,,,,,,,,,,"CS is the G120R mutant, which is away from the binding site and doesn't affect binding. ffinities calculated from ddG taken from ASEdb, assuming wt dG of -12.3.",RA,1,0.0,1A22,B,K,A,367,367,False,2.6,0.02758248733297407,-0.5232098964166725,True,0.491811,0.3655134027993764,0.3655134027993764
1A22_A_B,VB371A,VB126A,COR,,"1A22_A_B,1BP3_A_B",2.95E-10,2.95e-10,1E-09,1e-09,7529940,Human growth hormone,hGH binding protein,298(assumed),,,,,,,,,,,,,"CS is the G120R mutant, which is away from the binding site and doesn't affect binding. ffinities calculated from ddG taken from ASEdb, assuming wt dG of -12.3.",RA,1,-0.7227017142042518,1A22,B,V,A,371,371,False,2.6,0.028132243176113587,-0.5199142613782385,True,0.848777,0.4679091953504838,1.1906109095547355
1A22_A_B,TB394A,TB149A,SUR,,"1A22_A_B,1BP3_A_B",1.35E-09,1.35e-09,1E-09,1e-09,7529940,Human growth hormone,hGH binding protein,298(assumed),,,,,,,,,,,,,"CS is the G120R mutant, which is away from the binding site and doesn't affect binding. ffinities calculated from ddG taken from ASEdb, assuming wt dG of -12.3.",RA,1,0.1776619187306002,1A22,B,T,A,394,394,False,2.6,0.050317197472278356,-0.3869215635890462,True,0.317097,0.31539664518163635,0.13773472645103615
1A22_A_B,TB395A,TB150A,RIM,,"1A22_A_B,1BP3_A_B",8.13E-10,8.13e-10,1E-09,1e-09,7529940,Human growth hormone,hGH binding protein,298(assumed),,,,,,,,,,,,,"CS is the G120R mutant, which is away from the binding site and doesn't affect binding. ffinities calculated from ddG taken from ASEdb, assuming wt dG of -12.3.",RA,1,-0.1225583083051213,1A22,B,T,A,395,395,False,2.6,0.041213236934104905,-0.44149730246029306,True,-0.244854,0.1542008505684593,0.2767591588735806
1A22_A_B,QB416A,QB171A,SUP,,"1A22_A_B,1BP3_A_B",4.4E-09,4.4e-09,1E-09,1e-09,7529940,Human growth hormone,hGH binding protein,298(assumed),,,,,,,,,,,,,"CS is the G120R mutant, which is away from the binding site and doesn't affect binding. ffinities calculated from ddG taken from ASEdb, assuming wt dG of -12.3.",RA,1,0.8771098882271354,1A22,B,Q,A,416,416,False,2.6,0.02788122573823673,-0.5214190418618811,True,0.298984,0.3102009262883014,0.566908961938834
1A22_A_B,RB417A,RB172A,COR,,"1A22_A_B,1BP3_A_B",1.35E-09,1.35e-09,1E-09,1e-09,7529940,Human growth hormone,hGH binding protein,298(assumed),,,,,,,,,,,,,"CS is the G120R mutant, which is away from the binding site and doesn't affect binding. ffinities calculated from ddG taken from ASEdb, assuming wt dG of -12.3.",RA,1,0.1776619187306002,1A22,B,R,A,417,417,False,2.6,0.027528726506319955,-0.5235321777825324,True,0.236825,0.2923706005172636,0.11470868178666341
1A22_A_B,NB418A,NB173A,COR,,"1A22_A_B,1BP3_A_B",1.6E-09,1.6e-09,1E-09,1e-09,7529940,Human growth hormone,hGH binding protein,298(assumed),,,,,,,,,,,,,"CS is the G120R mutant, which is away from the binding site and doesn't affect binding. ffinities calculated from ddG taken from ASEdb, assuming wt dG of -12.3.",RA,1,0.2782421485134754,1A22,B,N,A,418,418,False,2.6,0.02221274891322167,-0.5554000009952788,True,0.494908,0.3664017780775003,0.0881596295640249
1A22_A_B,MA14A,MA14A,INT,,"1A22_A_B,1BP3_A_B",7.5E-10,7.5e-10,3.4E-10,3.4e-10,2471267,Human growth hormone,hGH binding protein,298(assumed),,,,,,,,,,,,,"CS is the G120R mutant, which is away from the binding site and doesn't affect binding",RA,2,0.46834753264072815,1A22,A,M,A,14,14,False,2.6,0.02818326879191349,-0.09771164675191325,True,2.09294,0.8247976845840899,0.3564501519433617
1A22_A_B,HA18A,HA18A,COR,,"1A22_A_B,1BP3_A_B",2.4E-10,2.4e-10,3.4E-10,3.4e-10,2471267,Human growth hormone,hGH binding protein,298(assumed),,,,,,,,,,,,,"CS is the G120R mutant, which is away from the binding site and doesn't affect binding",RA,2,-0.2061975630067838,1A22,A,H,A,18,18,False,2.6,0.023316613890314655,-0.1038094919778238,True,-0.50906,0.07841328882095988,0.2846108518277437
1A22_A_B,RA19A,RA19A,SUR,,"1A22_A_B,1BP3_A_B",3.7E-10,3.7e-10,3.4E-10,3.4e-10,2471267,Human growth hormone,hGH binding protein,298(assumed),,,,,,,,,,,,,"CS is the G120R mutant, which is away from the binding site and doesn't affect binding",RA,2,0.05005797371261327,1A22,A,R,A,19,19,False,2.6,0.036445644516586384,-0.08735901452585923,True,0.486436,0.3639715826121255,0.3139136088995122
1A22_A_B,FA54A,FA54A,INT,,"1A22_A_B,1BP3_A_B",1.5E-09,1.5e-09,3.4E-10,3.4e-10,2471267,Human growth hormone,hGH binding protein,298(assumed),,,,,,,,,,,,,"CS is the G120R mutant, which is away from the binding site and doesn't affect binding",RA,2,0.8786906635322157,1A22,A,F,A,54,54,False,2.6,0.020445985618113754,-0.10740634592759808,True,3.43108,1.2086435013967245,0.3299528378645088
1A22_A_B,SA55A,SA55A,INT,,"1A22_A_B,1BP3_A_B",4.1E-10,4.1e-10,3.4E-10,3.4e-10,2471267,Human growth hormone,hGH binding protein,298(assumed),,,,,,,,,,,,,"CS is the G120R mutant, which is away from the binding site and doesn't affect binding",RA,2,0.11082923291618264,1A22,A,S,A,55,55,False,2.6,0.01279647146052052,-0.11699107184911159,True,0.17163,0.273669397334413,0.16284016441823035
1A22_A_B,EA56A,EA56A,RIM,,"1A22_A_B,1BP3_A_B",1.4E-09,1.4e-09,3.4E-10,3.4e-10,2471267,Human growth hormone,hGH binding protein,298(assumed),,,,,,,,,,,,,"CS is the G120R mutant, which is away from the binding site and doesn't affect binding",RA,2,0.8378468836119405,1A22,A,E,A,56,56,False,2.6,0.011858200968421762,-0.11816671063109661,True,1.37432,0.618661345428325,0.21918553818361552
1A22_A_B,SA57A,SA57A,SUR,,"1A22_A_B,1BP3_A_B",4.8E-10,4.8e-10,3.4E-10,3.4e-10,2471267,Human growth hormone,hGH binding protein,298(assumed),,,,,,,,,,,,,"CS is the G120R mutant, which is away from the binding site and doesn't affect binding",RA,2,0.2041455678847038,1A22,A,S,A,57,57,False,2.6,0.021283789536594096,-0.10635659024780329,True,0.41627,0.34384444675005177,0.13969887886534796
1A22_A_B,PA59A,PA59A,SUR,,"1A22_A_B,1BP3_A_B",6.5E-10,6.5e-10,3.4E-10,3.4e-10,2471267,Human growth hormone,hGH binding protein,298(assumed),,,,,,,,,,,,,"CS is the G120R mutant, which is away from the binding site and doesn't affect binding",RA,2,0.38363183320544963,1A22,A,P,A,59,59,False,2.6,0.015225634113185435,-0.11394736766543367,True,2.09773,0.8261716973649144,0.4425398641594647
1A22_A_B,SA62A,SA62A,COR,,"1A22_A_B,1BP3_A_B",1E-09,1e-09,3.4E-10,3.4e-10,2471267,Human growth hormone,hGH binding protein,298(assumed),,,,,,,,,,,,,"CS is the G120R mutant, which is away from the binding site and doesn't affect binding",RA,2,0.6386553195321826,1A22,A,S,A,62,62,False,2.6,0.0065230654988034185,-0.12485155494629765,True,1.12488,0.5471094147291877,0.09154590480299485
1A22_A_B,NA63A,NA63A,COR,,"1A22_A_B,1BP3_A_B",1.12E-09,1.12e-09,3.4E-10,3.4e-10,2471267,Human growth hormone,hGH binding protein,298(assumed),,,,,,,,,,,,,"CS is the G120R mutant, which is away from the binding site and doesn't affect binding",RA,2,0.7057459012339283,1A22,A,N,A,63,63,False,2.6,0.009682015112909394,-0.12089343870161803,True,0.947081,0.49610772403653247,0.20963817719739586
1A22_A_B,RA64A,RA64A,COR,,"1A22_A_B,1BP3_A_B",7.11E-09,7.11e-09,3.4E-10,3.4e-10,2471267,Human growth hormone,hGH binding protein,298(assumed),,,,,,,,,,,,,"CS is the G120R mutant, which is away from the binding site and doesn't affect binding",RA,2,1.799864647870751,1A22,A,R,A,64,64,False,2.6,0.012767433709993507,-0.11702745571277205,True,2.30798,0.8864819660848214,0.9133826817859295
1A22_A_B,EA65A,EA65A,RIM,,"1A22_A_B,1BP3_A_B",2E-10,2e-10,3.4E-10,3.4e-10,2471267,Human growth hormone,hGH binding protein,298(assumed),,,,,,,,,,,,,"CS is the G120R mutant, which is away from the binding site and doesn't affect binding",RA,2,-0.31413192462880485,1A22,A,E,A,65,65,False,2.6,0.014634000165427099,-0.11468867608297517,True,0.0364464,0.23489194552692463,0.5490238701557295
1A22_A_B,EA66A,EA66A,SUR,,"1A22_A_B,1BP3_A_B",7.1E-10,7.1e-10,3.4E-10,3.4e-10,2471267,Human growth hormone,hGH binding protein,298(assumed),,,,,,,,,,,,,"CS is the G120R mutant, which is away from the binding site and doesn't affect binding",RA,2,0.43590105663569123,1A22,A,E,A,66,66,False,2.6,0.013642244524198297,-0.11593133095052087,True,2.89924,1.0560850551850935,0.6201839985494023
1A22_A_B,QA68A,QA68A,RIM,,"1A22_A_B,1BP3_A_B",1.8E-09,1.8e-09,3.4E-10,3.4e-10,2471267,Human growth hormone,hGH binding protein,298(assumed),,,,,,,,,,,,,"CS is the G120R mutant, which is away from the binding site and doesn't affect binding",RA,2,0.9866250251542369,1A22,A,Q,A,68,68,False,2.6,0.01587595697332577,-0.1131325229254246,True,2.27286,0.876407784693891,0.11021724046034587
1A22_A_B,QA69A,QA69A,SUR,,"1A22_A_B,1BP3_A_B",3.1E-10,3.1e-10,3.4E-10,3.4e-10,2471267,Human growth hormone,hGH binding protein,298(assumed),,,,,,,,,,,,,"CS is the G120R mutant, which is away from the binding site and doesn't affect binding",RA,2,-0.054685005517560975,1A22,A,Q,A,69,69,False,2.6,0.022212293443484698,-0.10519318884985086,True,-0.16709,0.17650747476220413,0.2311924802797651
1A22_A_B,RA167A,RA156A,COR,,"1A22_A_B,1BP3_A_B",2.6E-10,2.6e-10,3.4E-10,3.4e-10,2471267,Human growth hormone,hGH binding protein,298(assumed),,,,,,,,,,,,,"CS is the G120R mutant, which is away from the binding site and doesn't affect binding",RA,2,-0.1588122800640502,1A22,A,R,A,167,167,False,2.6,0.009882256398848347,-0.12064253938901381,True,2.90868,1.0587929217093073,1.2176052017733574
1A22_A_B,KA168A,KA157A,COR,,"1A22_A_B,1BP3_A_B",3.7E-10,3.7e-10,3.4E-10,3.4e-10,2471267,Human growth hormone,hGH binding protein,298(assumed),,,,,,,,,,,,,"CS is the G120R mutant, which is away from the binding site and doesn't affect binding",RA,2,0.05005797371261327,1A22,A,K,A,168,168,False,2.6,0.004700789475115997,-0.12713483933280367,True,1.96974,0.7894577316409624,0.7393997579283492
1A22_A_B,DA171A,DA160A,COR,,"1A22_A_B,1BP3_A_B",2.4E-09,2.4e-09,3.4E-10,3.4e-10,2471267,Human growth hormone,hGH binding protein,298(assumed),,,,,,,,,,,,,"CS is the G120R mutant, which is away from the binding site and doesn't affect binding",RA,2,1.1569328120456912,1A22,A,D,A,171,171,False,2.6,0.007285479080210098,-0.12389626222233181,True,0.482558,0.36285917727516565,0.7940736347705255
1A22_A_B,KA172A,KA161A,SUP,,"1A22_A_B,1BP3_A_B",4.6E-09,4.6e-09,3.4E-10,3.4e-10,2471267,Human growth hormone,hGH binding protein,298(assumed),,,,,,,,,,,,,"CS is the G120R mutant, which is away from the binding site and doesn't affect binding",RA,2,1.5420806512012515,1A22,A,K,A,172,172,False,2.6,0.004474163409060661,-0.12741879837713788,True,1.69768,0.7114172478933387,0.8306634033079128
1A22_A_B,EA174A,EA163A,COR,,"1A22_A_B,1BP3_A_B",7.5E-11,7.5e-11,3.4E-10,3.4e-10,2471267,Human growth hormone,hGH binding protein,298(assumed),,,,,,,,,,,,,"CS is the G120R mutant, which is away from the binding site and doesn't affect binding",RA,2,-0.8947828424117468,1A22,A,E,A,174,174,False,2.6,0.011726984640457658,-0.11833112271192334,True,-1.08725,-0.08744066728445299,0.8073421751272938
1A22_A_B,TA175S,TA164S,COR,,"1A22_A_B,1BP3_A_B",5.9E-09,5.9e-09,3.4E-10,3.4e-10,2471267,Human growth hormone,hGH binding protein,298(assumed),,,,,,,,,,,,,"CS is the G120R mutant, which is away from the binding site and doesn't affect binding",RA,2,1.6894271112718933,1A22,A,T,S,175,175,False,2.6,0.01019757946684274,-0.12024744433837495,True,2.83709,1.0382573110664624,0.6511698002054309
1A22_A_B,FA176A,FA165A,SUP,,"1A22_A_B,1BP3_A_B",5.4E-09,5.4e-09,3.4E-10,3.4e-10,2471267,Human growth hormone,hGH binding protein,298(assumed),,,,,,,,,,,,,"CS is the G120R mutant, which is away from the binding site and doesn't affect binding",RA,2,1.637003500045758,1A22,A,F,A,176,176,False,2.6,0.008655486093557978,-0.12217966408773576,True,4.63252,1.5532768866563922,0.08372661338936571
1A22_A_B,RA178N,RA167N,COR,,"1A22_A_B,1BP3_A_B",2.9E-09,2.9e-09,3.4E-10,3.4e-10,2471267,Human growth hormone,hGH binding protein,298(assumed),,,,,,,,,,,,,"CS is the G120R mutant, which is away from the binding site and doesn't affect binding",RA,2,1.2689640758317002,1A22,A,R,N,178,178,False,2.6,0.01813634527369986,-0.1103002904608601,True,-0.341589,0.12645238995195418,1.1425116858797462
1A22_A_B,IA179A,IA168A,SUP,,"1A22_A_B,1BP3_A_B",9.2E-10,9.2e-10,3.4E-10,3.4e-10,2471267,Human growth hormone,hGH binding protein,298(assumed),,,,,,,,,,,,,"CS is the G120R mutant, which is away from the binding site and doesn't affect binding",RA,2,0.5892934070402643,1A22,A,I,A,179,179,False,2.6,0.017004725384195223,-0.11171819312301398,True,2.94488,1.0691769013890249,0.47988349434876054
1A22_A_B,VA180A,VA169A,INT,,"1A22_A_B,1BP3_A_B",3.4E-10,3.4e-10,3.4E-10,3.4e-10,2471267,Human growth hormone,hGH binding protein,298(assumed),,,,,,,,,,,,,"CS is the G120R mutant, which is away from the binding site and doesn't affect binding",RA,2,0.0,1A22,A,V,A,180,180,False,2.6,0.018773083385872812,-0.10950246720526134,True,1.95684,0.7857573631915603,0.7857573631915603
1A22_A_B,QA181A,QA170A,INT,,"1A22_A_B,1BP3_A_B",5.4E-10,5.4e-10,3.4E-10,3.4e-10,2471267,Human growth hormone,hGH binding protein,298(assumed),,,,,,,,,,,,,"CS is the G120R mutant, which is away from the binding site and doesn't affect binding",RA,2,0.27387312499328287,1A22,A,Q,A,181,181,False,2.6,0.027313027404319932,-0.09880204609150559,True,-1.37162,-0.16901227782371558,0.44288540281699845
1A22_A_B,CA182A,CA171A,COR,,"1A22_A_B,1BP3_A_B",1.9E-09,1.9e-09,3.4E-10,3.4e-10,2471267,Human growth hormone,hGH binding protein,298(assumed),,,,,,,,,,,,,"CS is the G120R mutant, which is away from the binding site and doesn't affect binding",RA,2,1.01863282014624,1A22,A,C,A,182,182,False,2.6,0.030677982847446064,-0.09458580764864263,True,1.4645,0.6445295025420524,0.3741033176041876
1A22_A_B,RA183A,RA172A,RIM,,"1A22_A_B,1BP3_A_B",7.1E-10,7.1e-10,3.4E-10,3.4e-10,2471267,Human growth hormone,hGH binding protein,298(assumed),,,,,,,,,,,,,"CS is the G120R mutant, which is away from the binding site and doesn't affect binding",RA,2,0.43590105663569123,1A22,A,R,A,183,183,False,2.6,0.030056078272535255,-0.09536504470567043,True,2.36757,0.9035753735189203,0.467674316883229
1A22_A_B,SA184A,SA173A,SUR,,"1A22_A_B,1BP3_A_B",3.1E-10,3.1e-10,3.4E-10,3.4e-10,2471267,Human growth hormone,hGH binding protein,298(assumed),,,,,,,,,,,,,"CS is the G120R mutant, which is away from the binding site and doesn't affect binding",RA,2,-0.054685005517560975,1A22,A,S,A,184,184,False,2.6,0.038487536993150474,-0.08480055403466054,True,-0.397881,0.11030501469972583,0.16499002021728681
1A22_A_B,VA185A,VA174A,INT,,"1A22_A_B,1BP3_A_B",1.5E-09,1.5e-09,3.4E-10,3.4e-10,2471267,Human growth hormone,hGH binding protein,298(assumed),,,,,,,,,,,,,"CS is the G120R mutant, which is away from the binding site and doesn't affect binding",RA,2,0.8786906635322157,1A22,A,V,A,185,185,False,2.6,0.05007925194320269,-0.07027630994965876,True,1.05349,0.5266311741398219,0.35205948939239384
1A22_A_B,EA186A,EA175A,SUR,,"1A22_A_B,1BP3_A_B",2.7E-10,2.7e-10,3.4E-10,3.4e-10,2471267,Human growth hormone,hGH binding protein,298(assumed),,,,,,,,,,,,,"CS is the G120R mutant, which is away from the binding site and doesn't affect binding",RA,2,-0.13647000589820477,1A22,A,E,A,186,186,False,2.6,0.06857717859813861,-0.04709868671095585,True,0.051325,0.23915987591539553,0.3756298818136003
1A22_A_B,GA187A,GA176A,SUR,,"1A22_A_B,1BP3_A_B",6.1E-10,6.1e-10,3.4E-10,3.4e-10,2471267,Human growth hormone,hGH binding protein,298(assumed),,,,,,,,,,,,,"CS is the G120R mutant, which is away from the binding site and doesn't affect binding",RA,2,0.34603189701783266,1A22,A,G,A,187,187,False,2.6,0.05285232201563923,-0.06680169495347991,True,0.614359,0.40066632936816193,0.054634432350329276
1A22_A_B,SA188A,SA177A,SUR,,"1A22_A_B,1BP3_A_B",2.4E-10,2.4e-10,3.4E-10,3.4e-10,2471267,Human growth hormone,hGH binding protein,298(assumed),,,,,,,,,,,,,"CS is the G120R mutant, which is away from the binding site and doesn't affect binding",RA,2,-0.2061975630067838,1A22,A,S,A,188,188,False,2.6,0.045487646660547276,-0.07602952214946104,True,-0.2773,0.14489370679254443,0.35109126979932825
1A22_A_B,FA191A,FA180A,RIM,,"1A22_A_B,1BP3_A_B",4.7E-10,4.7e-10,3.4E-10,3.4e-10,2471267,Human growth hormone,hGH binding protein,298(assumed),,,,,,,,,,,,,"CS is the G120R mutant, which is away from the binding site and doesn't affect binding",RA,2,0.19168194963958712,1A22,A,F,A,191,191,False,2.6,0.06473832564509341,-0.051908711589647966,True,0.0338569,0.23414914675950393,0.04246719711991681
1A22_A_B,RA64K,RA64K,COR,,"1A22_A_B,1BP3_A_B",2E-10,2e-10,3.4E-10,3.4e-10,2321008,Human growth hormone,hGH binding protein,298(assumed),,,,,,,,,,,,,"CS is the G120R mutant, which is away from the binding site and doesn't affect binding",RA,2,-0.31413192462880485,1A22,A,R,K,64,64,False,2.6,0.012767433709993507,-0.11702745571277205,True,0.894569,0.48104464279505915,0.795176567423864
1A22_A_B,FA176Y,FA165Y,SUP,,"1A22_A_B,1BP3_A_B",2.9E-09,2.9e-09,3.4E-10,3.4e-10,2321008,Human growth hormone,hGH binding protein,298(assumed),,,,,,,,,,,,,"CS is the G120R mutant, which is away from the binding site and doesn't affect binding",RA,2,1.2689640758317002,1A22,A,F,Y,176,176,False,2.6,0.008655486093557978,-0.12217966408773576,True,-0.236486,0.15660121360602497,1.1123628622256754
1A22_A_B,RA178K,RA167K,COR,,"1A22_A_B,1BP3_A_B",1.7E-09,1.7e-09,3.4E-10,3.4e-10,2321008,Human growth hormone,hGH binding protein,298(assumed),,,,,,,,,,,,,"CS is the G120R mutant, which is away from the binding site and doesn't affect binding",RA,2,0.9527872441609874,1A22,A,R,K,178,178,False,2.6,0.01813634527369986,-0.1103002904608601,True,-0.73777,0.012807764164931623,0.9399794799960557
